term,category,hasSyn,id,ext_id,remark
a_shaped,shape,0,1,,""
abbreviated,size,0,2,,""
abbreviatus,structure,0,3,,""
abdomen,structure,0,4,,""
abdomen_shaped,shape,0,5,,""
abdominal,position,0,6,,""
aberrant,normality,0,7,,""
abnormal,normality,0,8,,""
abode,presence,0,9,,""
abrupt,shape,0,10,,""
absence,character,1,11,,""
abundance,density,1,12,,""
accessory,structure,0,13,,""
accommodation,development,0,14,,""
accompanied,architecture,0,15,,""
achromatic,coloration,0,16,,""
acicular,shape,0,17,,""
acuminate,density,0,18,,""
acuminate,shape,0,19,,""
acute,shape,0,20,,""
acute_angular,shape,1,21,,""
adhering,position,0,22,,""
adipose_fin,structure,0,23,,""
adjacent,position,0,24,,""
admedian,position,0,25,,""
adopted,development,0,26,,""
adpressed,arrangement,0,27,,""
adult,life_style,1,28,,""
advance,development,1,29,,""
aedeagal,structure,0,30,,""
aedeagalvolsellar,structure,1,31,,""
aeneous,coloration,0,32,,""
aerolate,surface_sculpture,0,33,,""
affinities,comparison,0,34,,""
afterneck,position,0,35,,""
alcohol,structure,0,36,,""
align,arrangement,1,37,,""
alike,comparison,0,38,,""
alitrunk,structure,1,39,,""
allied,comparison,0,40,,""
allometric,shape,0,41,,""
alternating,arrangement,0,42,,""
alutaceous,coloration,0,43,,""
alveolate,surface_sculpture,0,44,,""
alveolate_areolate,surface_sculpture,0,45,,""
amber,coloration,0,46,,""
ambiguous,prominence,0,47,,""
ample,coloration,0,48,,""
ampyx,structure,0,49,,""
anal,position,0,50,,""
anal_caudal,position,0,51,,""
analfin,structure,1,52,,""
anastomosing,architecture,0,53,,""
anchor_tipped,shape,0,54,,""
anepisternum,structure,0,55,,""
angle,structure,1,56,,""
angle_like,shape,1,57,,""
angulo_convex,shape,0,58,,""
annulated,shape,0,59,,""
annulus,structure,0,60,,""
anteanalis,structure,0,61,,""
antenna,structure,1,62,,""
antennomeres,structure,0,63,,""
antennse,structure,0,64,,""
antepenultimate,shape,0,65,,""
anteriad,position,0,66,,""
anterio_basal,position,1,67,,""
anterior,position,0,68,,""
anterior_posterior,position,0,69,,""
anterior_ventral,position,1,70,,""
anteriorly_directed,direction,0,71,,""
anteriormost,position,0,72,,""
antero,position,0,73,,""
anterodorsal,position,1,74,,""
anteroinferior,position,1,75,,""
anterolateral,position,0,76,,""
anteromedial,position,0,77,,""
anteromesial,position,0,78,,""
anus,structure,0,79,,""
aperture,structure,0,80,,""
apex,structure,1,81,,""
apical,position,1,82,,""
apicodorsal,position,0,83,,""
apicolateral,position,0,84,,""
apicomedian,position,0,85,,""
apicoscrobal,position,0,86,,""
apicoventral,position,0,87,,""
apilose,shape,0,88,,""
apophysis,structure,0,89,,""
apparent,presence,0,90,,""
appearance,manifestation,0,91,,""
appendage,structure,1,92,,""
appreciable,presence,0,93,,""
appressed,orientation,0,94,,""
approximate,arrangement,0,95,,""
apressed,shape,0,96,,""
apterous,shape,0,97,,""
arboreal,life_style,0,98,,""
arc,shape,1,99,,""
arch,structure,0,100,,""
arched_rugose,surface_sculpture,0,101,,""
arched_transverse,shape,0,102,,""
arching,orientation,0,103,,""
arcuate,shape,1,104,,""
area,structure,1,105,,""
areolate,shape,0,106,,""
areolet,surface_sculpture,0,107,,""
argentina,distribution,0,108,,""
arid,intensity_level,0,109,,""
arising,orientation,0,110,,""
arm_like,shape,0,111,,""
armature,structure,0,112,,""
armed,surface_configuration,0,113,,""
armed,structure,0,114,,""
arranged,arrangement,1,115,,""
arrowhead,shape,0,116,,""
articular,shape,0,117,,""
articulate,architecture,1,118,,""
articulation,structure,0,119,,""
ascending,orientation,0,120,,""
ascertained,prominence,0,121,,""
asetose,surface_sculpture,0,122,,""
ashy,coloration,0,123,,""
ashy_black,coloration,0,124,,""
aspect,structure,0,125,,""
assimilate,orientation,0,126,,""
asymmetrical,shape,0,127,,""
ate,surface_sculpture,0,128,,""
attachment,fusion,0,129,,""
attenuata,structure,0,130,,""
attenuate,shape,1,131,,""
auriculate,shape,0,132,,""
australia,distribution,0,133,,""
axilla,structure,0,134,,""
axillary,position,0,135,,""
axis,structure,0,136,,""
back,position,0,137,,""
background,structure,0,138,,""
backward,direction,1,139,,""
backward_curved,shape,0,140,,""
backward_directed,direction,0,141,,""
backward_pointing,direction,0,142,,""
band,structure,1,143,,""
banded,coloration,0,144,,""
barbulate,structure,0,145,,""
bare,density,0,146,,""
bare,coating,0,147,,""
bars,structure,0,148,,""
basad,position,0,149,,""
basal,position,0,150,,""
basalmost,position,0,151,,""
base,structure,1,152,,""
basic,prominence,0,153,,""
basidorsal,position,0,154,,""
basigastral,position,0,155,,""
basitarsus,structure,0,156,,""
beaded,shape,0,157,,""
beaklike,shape,0,158,,""
beard,structure,0,159,,""
bearing,presence,0,160,,""
beautiful,prominence,0,161,,""
bellshaped,shape,0,162,,""
belt,structure,0,163,,""
bend,shape,1,164,,""
beset,density,0,165,,""
best,comparison,0,166,,""
better,comparison,0,167,,""
bicarinate,shape,0,168,,""
bicolored,coloration,1,169,,""
biconvex,shape,0,170,,""
bidens,shape,0,171,,""
bidentate,shape,0,172,,""
bifid,shape,0,173,,""
bifurcate,shape,0,174,,""
bifurcates,architecture,1,175,,""
bifurcation,structure,0,176,,""
big,size,1,177,,""
bilateral,arrangement,0,178,,""
bilobate,shape,1,179,,""
bisected,shape,1,180,,""
biserial,arrangement,0,181,,""
bispinose,shape,0,182,,""
bituberculate,shape,0,183,,""
bizarre,normality,0,184,,""
black,coloration,1,185,,""
blackish_red,coloration,0,186,,""
blackishbrown,coloration,0,187,,""
blade,structure,0,188,,""
bladelike,shape,1,189,,""
blanketed,shape,0,190,,""
blending,fusion,0,191,,""
blight,reflectance,0,192,,""
blind,behaviour,0,193,,""
blood,coloration,0,194,,""
bloom,architecture,0,195,,""
blotch,structure,1,196,,""
blotch_like,shape,0,197,,""
blue,coloration,1,198,,""
blue_green,coloration,0,199,,""
bluish_green,coloration,1,200,,""
blunt,shape,1,201,,""
blunt_angled,shape,0,202,,""
blurring,presence,0,203,,""
boat_shaped,shape,0,204,,""
body,structure,0,205,,""
bolivian,structure,0,206,,""
boliviana,structure,0,207,,""
border,structure,1,208,,""
bordered,size,1,209,,""
boss,structure,0,210,,""
bottom,structure,0,211,,""
bounding,direction,0,212,,""
bowed,shape,0,213,,""
box_shaped,shape,1,214,,""
brachypterous,structure,0,215,,""
branched,architecture,1,216,,""
branches,structure,0,217,,""
brazilian,distribution,0,218,,""
breadth,structure,0,219,,""
breaks,absence,0,220,,""
bridge,structure,0,221,,""
brief,size,0,222,,""
bright,coloration,0,223,,""
bright,reflectance,1,224,,""
bristle_like,shape,0,225,,""
bristles,structure,0,226,,""
broad,width,0,227,,""
broad_based,shape,0,228,,""
broadbased,size,0,229,,""
broadened,size,1,230,,""
broader,width,0,231,,""
broadly_based,size,0,232,,""
broken,architecture,0,233,,""
bronze,coloration,0,234,,""
brown,coloration,1,235,,""
brown_black,coloration,1,236,,""
brown_yellow,coloration,1,237,,""
brush,architecture,0,238,,""
buccal,structure,0,239,,""
bucculenta,structure,0,240,,""
bulb,structure,0,241,,""
bulbous,shape,0,242,,""
bulgaria,structure,0,243,,""
bulge,shape,1,244,,""
bulk,size,0,245,,""
bulla,structure,0,246,,""
c_shape,shape,1,247,,""
calcaria,structure,0,248,,""
callow,life_style,0,249,,""
callus,structure,0,250,,""
campaniform,shape,0,251,,""
campanulate,shape,0,252,,""
canted,direction,0,253,,""
cap,shape,0,254,,""
capsule,nominative,0,255,,""
captured,presence,0,256,,""
carina,structure,0,257,,""
carina_like,shape,0,258,,""
carinae,structure,0,259,,""
carinate,surface_sculpture,1,260,,""
carinule,structure,1,261,,""
carton,surface_sculpture,0,262,,""
carved,shape,0,263,,""
cast,structure,0,264,,""
castaneous,coloration,0,265,,""
caste,structure,0,266,,""
caudad,structure,0,267,,""
caudal,position,0,268,,""
caudal_fin,structure,0,269,,""
cell,structure,1,270,,""
center,position,1,271,,""
cephalad,position,0,272,,""
cephalic,structure,0,273,,""
cervical,position,0,274,,""
cervix,structure,0,275,,""
channel,structure,0,276,,""
channeled,shape,0,277,,""
chaotic,density,0,278,,""
characters,character,0,279,,""
cheek,structure,1,280,,""
chestnut,coloration,1,281,,""
chewing,behaviour,0,282,,""
chief,prominence,0,283,,""
chitinized,surface_sculpture,0,284,,""
chitinous,surface_sculpture,0,285,,""
chocolate,coloration,0,286,,""
chord,position,0,287,,""
cilia_like,shape,0,288,,""
ciliary,architecture,1,289,,""
cinereous,coloration,0,290,,""
circa,structure,0,291,,""
circlet,structure,0,292,,""
circular,shape,0,293,,""
circumscribe,direction,0,294,,""
claret_coloured,coloration,0,295,,""
clasping,architecture,0,296,,""
clathrate,architecture,0,297,,""
clavate,shape,1,298,,""
clavato,shape,0,299,,""
clay,coloration,0,300,,""
clean,surface_sculpture,1,301,,""
clean_cut,surface_sculpture,0,302,,""
clear,coloration,0,303,,""
cleft,shape,0,304,,""
cleithrum,structure,0,305,,""
close,arrangement,0,306,,""
close_packed,density,0,307,,""
close_packed,arrangement,0,308,,""
close_set,arrangement,0,309,,""
closed,closure,0,310,,""
closely_spaced,surface_configuration,0,311,,""
closer,size,0,312,,""
closest,position,0,313,,""
closing,architecture,0,314,,""
cloud,coloration,1,315,,""
club,structure,0,316,,""
clubbing,arrangement,0,317,,""
cluster,arrangement,1,318,,""
clustered,density,0,319,,""
clypeal,position,0,320,,""
clypeus,structure,0,321,,""
coalesced,shape,0,322,,""
coarse,surface_sculpture,1,323,,""
coastal,surface_sculpture,0,324,,""
coated,surface_sculpture,0,325,,""
coidal,shape,0,326,,""
collar,structure,0,327,,""
colon,shape,0,328,,""
colonel,shape,0,329,,""
color,coloration,1,330,,""
colorless,coloration,1,331,,""
column,structure,0,332,,""
combined,arrangement,0,333,,""
common,comparison,0,334,,""
common,normality,1,335,,""
commuted,density,0,336,,""
compact,architecture,0,337,,""
complement,density,0,338,,""
complete,development,0,339,,""
complex,density,0,340,,""
composite,architecture,0,341,,""
compound,architecture,0,342,,""
compressed,shape,0,343,,""
concave,shape,0,344,,""
concavity,structure,0,345,,""
concealed,manifestation,0,346,,""
concentrated,arrangement,0,347,,""
concentric,position,0,348,,""
concert,density,0,349,,""
concolorous,coloration,0,350,,""
concordance,comparison,0,351,,""
conduct,direction,0,352,,""
cone_shaped,shape,0,353,,""
confident,intensity_level,0,354,,""
confine,presence,0,355,,""
confined,size,0,356,,""
confluence,shape,0,357,,""
confluent,direction,0,358,,""
confounded,fusion,0,359,,""
congeners,structure,0,360,,""
conic,shape,1,361,,""
conjoined,fusion,0,362,,""
connected,fusion,1,363,,""
considerable,size,0,364,,""
consistent,comparison,0,365,,""
conspicuous,manifestation,0,366,,""
constant,orientation,0,367,,""
constituents,structure,0,368,,""
constricted,size,0,369,,""
constriction,structure,0,370,,""
consulcuous,arrangement,0,371,,""
continguous,arrangement,1,372,,""
continous,arrangement,0,373,,""
continuous,architecture,0,374,,""
contours,structure,0,375,,""
contracta,structure,0,376,,""
contracted,size,0,377,,""
contrast,coloration,1,378,,""
conulate,shape,0,379,,""
converge,direction,1,380,,""
converted,direction,0,381,,""
convex,shape,0,382,,""
convexity,structure,0,383,,""
copper,coloration,1,384,,""
copulation,behaviour,0,385,,""
copulation,reproduction,0,386,,""
copulatory,reproduction,0,387,,""
cordate,shape,0,388,,""
coriaceous,external_texture,0,389,,""
coriarious,surface_sculpture,0,390,,""
corner,structure,1,391,,""
corner_like,shape,0,392,,""
cornulate,surface_sculpture,0,393,,""
coronal,position,0,394,,""
costal,insertion,0,395,,""
costal,position,0,396,,""
costate,architecture,0,397,,""
costulae,structure,0,398,,""
costulate,surface_sculpture,0,399,,""
costulate_rugulose,surface_sculpture,0,400,,""
costulation,structure,0,401,,""
countless,count,0,402,,""
counts,structure,0,403,,""
couple,count,0,404,,""
couplet,structure,0,405,,""
course,surface_sculpture,0,406,,""
covering,density,0,407,,""
coxa,structure,1,408,,""
cranial,position,0,409,,""
cranium,structure,0,410,,""
cream_colored,coloration,1,411,,""
crenate,shape,0,412,,""
crenulate,surface_sculpture,1,413,,""
crescent_shaped,shape,1,414,,""
crest,position,0,415,,""
crest,structure,1,416,,""
crested,shape,0,417,,""
cristulations,structure,0,418,,""
crowded,architecture,0,419,,""
crucial,condition,0,420,,""
cryptic_foraging,architecture,0,421,,""
crypto_nephric,architecture,0,422,,""
cryptopone,architecture,0,423,,""
cubic,shape,1,424,,""
cultrate,shape,0,425,,""
cuneate,shape,0,426,,""
cupuliform,shape,0,427,,""
curled,shape,0,428,,""
cursor,shape,0,429,,""
curtain,structure,0,430,,""
curvature,shape,0,431,,""
curve,shape,1,432,,""
curved_clavate,shape,0,433,,""
curvilinear,direction,0,434,,""
cut,shape,0,435,,""
cuticle,structure,1,436,,""
cylindric,shape,1,437,,""
damage,fragility,0,438,,""
dark,coloration,1,439,,""
dark_redbrown,coloration,0,440,,""
darkbrown,coloration,0,441,,""
dead,life_style,0,442,,""
dealated,life_style,0,443,,""
decline,direction,0,444,,""
declivitous,shape,1,445,,""
declivity,structure,0,446,,""
decreases,intensity_level,0,447,,""
decreasing,development,0,448,,""
decumbent,direction,0,449,,""
decumbent,development,0,450,,""
decurved,shape,0,451,,""
deep,depth,1,452,,""
defined,presence,0,453,,""
definite,intensity_level,0,454,,""
deflected,direction,0,455,,""
degree,intensity_level,0,456,,""
degrees,count,0,457,,""
delicate,intensity_level,0,458,,""
delicate,fragility,0,459,,""
delimited,derivation,1,460,,""
demarcated,presence,1,461,,""
demonstrate,presence,1,462,,""
dendrophilous,structure,0,463,,""
denoted,presence,0,464,,""
dense,density,1,465,,""
density,character,1,466,,""
dental,structure,0,467,,""
dentary,structure,1,468,,""
dentate,shape,0,469,,""
denticle,structure,1,470,,""
denticulate,shape,0,471,,""
denticulated,architecture,0,472,,""
dentiform,shape,0,473,,""
dentition,arrangement,0,474,,""
denudate,presence,0,475,,""
depicted,presence,0,476,,""
depigmented,coloration,0,477,,""
deposited,presence,0,478,,""
depressed,depth,0,479,,""
depression,structure,0,480,,""
depth,depth,0,481,,""
derivation,character,0,482,,""
derivative,derivation,0,483,,""
derived,derivation,0,484,,""
descending,orientation,0,485,,""
descends,direction,0,486,,""
describe,presence,1,487,,""
destitute,density,0,488,,""
detected,presence,0,489,,""
devastations,arrangement,0,490,,""
develop,development,1,491,,""
deviation,direction,0,492,,""
devoid,absence,0,493,,""
devoid,presence,0,494,,""
diagnosed,manifestation,0,495,,""
diagnostic,manifestation,0,496,,""
diagonal,orientation,0,497,,""
diamond_shaped,shape,1,498,,""
diastemata,structure,0,499,,""
dichthadiiform,shape,0,500,,""
differ,differentiation,1,501,,""
differences,differentiation,1,502,,""
differential,differentiation,0,503,,""
differentiate,differentiation,1,504,,""
differently_shaped,shape,0,505,,""
diffuse,density,0,506,,""
digestion,structure,0,507,,""
digital,structure,0,508,,""
digitate,architecture,0,509,,""
digitiform,shape,0,510,,""
dilated,size,1,511,,""
dilute,intensity_level,1,512,,""
diminishing,intensity_level,0,513,,""
diminutive,intensity_level,0,514,,""
dimorphic,habit,0,515,,""
dimorphism,coloration,0,516,,""
dingy,reflectance,0,517,,""
dip,structure,0,518,,""
dipping,presence,0,519,,""
directed,direction,0,520,,""
dirt,coloration,1,521,,""
disc,structure,0,522,,""
discal,shape,1,523,,""
discernible,presence,1,524,,""
discontinued,arrangement,1,525,,""
discordant,arrangement,0,526,,""
discounting,count,0,527,,""
discovered,presence,0,528,,""
discrete,fusion,0,529,,""
discriminate,differentiation,0,530,,""
dish_shaped,shape,0,531,,""
disorganised,arrangement,1,532,,""
dispersed,arrangement,0,533,,""
displaced,arrangement,0,534,,""
displaying,presence,0,535,,""
disposed,arrangement,0,536,,""
disrupted,arrangement,0,537,,""
dissected,differentiation,0,538,,""
distad,position,0,539,,""
distal,position,1,540,,""
distant,arrangement,0,541,,""
distended,size,0,542,,""
distension,size,0,543,,""
distin_guishes,prominence,0,544,,""
distinct,prominence,1,545,,""
distinctively_shaped,prominence,0,546,,""
distinguish,prominence,1,547,,""
distributed,distribution,0,548,,""
distributed,arrangement,0,549,,""
distribution,variability,0,550,,""
disturbed,insertion,0,551,,""
diverge,direction,1,552,,""
diverges,structure,0,553,,""
diverse,variability,0,554,,""
diversipilosa,structure,0,555,,""
diversity,variability,0,556,,""
divisional,arrangement,0,557,,""
domain,prominence,0,558,,""
dome,structure,0,559,,""
dome_like,shape,1,560,,""
dominated,prominence,1,561,,""
dorsal,position,1,562,,""
dorsal_caudal,position,1,563,,""
dorsal_fin,structure,0,564,,""
dorsally_directed,direction,0,565,,""
dorsaloblique,position,0,566,,""
dorso_anterior,position,0,567,,""
dorso_lateral,position,1,568,,""
dorso_oblique,position,0,569,,""
dorsomedial,position,0,570,,""
dorsoposterior,position,0,571,,""
dorsoventral,position,0,572,,""
dorsum,structure,0,573,,""
dot,structure,1,574,,""
dot_like,shape,0,575,,""
double,count,0,576,,""
doubling,prominence,0,577,,""
downcurvature,direction,0,578,,""
downcurved,shape,0,579,,""
downward,direction,1,580,,""
downy,surface_sculpture,0,581,,""
dozen,count,0,582,,""
drawn_out,direction,0,583,,""
dried,condition,0,584,,""
drop_shaped,shape,0,585,,""
dropping,direction,0,586,,""
dry,condition,0,587,,""
dull,reflectance,0,588,,""
duller,shape,0,589,,""
dusky,coloration,0,590,,""
dusty,coating,0,591,,""
dwelling,presence,0,592,,""
earlier,presence,0,593,,""
ecarinate,surface_sculpture,0,594,,""
ecarinate,shape,0,595,,""
eccentric,position,0,596,,""
edentate,absence,0,597,,""
edge,structure,0,598,,""
edged,architecture,0,599,,""
effaced,presence,0,600,,""
effulgence,reflectance,0,601,,""
egg_shaped,shape,0,602,,""
eight,count,0,603,,""
eightteenth,position,0,604,,""
eigth,position,0,605,,""
elaboration,intensity_level,0,606,,""
elbowed,shape,0,607,,""
elements,structure,0,608,,""
elevated,depth,0,609,,""
elevated,prominence,0,610,,""
elevation,structure,0,611,,""
eleven,count,0,612,,""
eleventh,count,0,613,,""
ellipsoid,shape,1,614,,""
elliptic,arrangement,0,615,,""
elongate,shape,1,616,,""
elongate_rounded,shape,0,617,,""
elongate_spiniform,shape,0,618,,""
elongateovate,shape,0,619,,""
elongatequadrate,shape,0,620,,""
elongaterectangular,shape,0,621,,""
elongatetriangular,shape,0,622,,""
emarginate,shape,1,623,,""
emargination,structure,0,624,,""
embedded,location,0,625,,""
embracing,direction,0,626,,""
emerging,prominence,0,627,,""
emphasis,prominence,0,628,,""
encapsulated,fusion,0,629,,""
encircle,direction,1,630,,""
enclose,presence,1,631,,""
enclosed,location,0,632,,""
encroachment,insertion,0,633,,""
end,position,0,634,,""
ending,absence,0,635,,""
ends,structure,0,636,,""
enlarged,size,0,637,,""
enormous,size,0,638,,""
enough,density,0,639,,""
ensuing,direction,0,640,,""
entire,shape,0,641,,""
entirety,density,0,642,,""
entrance,structure,0,643,,""
enumerated,presence,0,644,,""
epaulet,structure,0,645,,""
epi,position,0,646,,""
epigaeic,life_style,0,647,,""
epinotal,structure,0,648,,""
epinotum,structure,0,649,,""
episternal,structure,0,650,,""
epistomal,structure,0,651,,""
epomia,structure,0,652,,""
equal,comparison,1,653,,""
equidistant,length,0,654,,""
equidistant,shape,0,655,,""
equilateral,comparison,0,656,,""
equipped,presence,0,657,,""
erect,orientation,0,658,,""
erected,direction,0,659,,""
ergatoid,life_style,0,660,,""
ergatomorphic,life_style,0,661,,""
esca,structure,0,662,,""
essential,intensity_level,0,663,,""
establish,presence,0,664,,""
etched,surface_sculpture,0,665,,""
etchings,structure,0,666,,""
etymology,structure,0,667,,""
evanescent,presence,0,668,,""
even,variability,0,669,,""
evidence,structure,0,670,,""
evident,presence,0,671,,""
exaggerated,intensity_level,0,672,,""
excavate,architecture,1,673,,""
excavations,structure,0,674,,""
exceeding,comparison,0,675,,""
excised,architecture,1,676,,""
exclusive,absence,0,677,,""
exemplified,presence,0,678,,""
exist,presence,0,679,,""
exocrine,structure,0,680,,""
expanded,size,1,681,,""
exposed,presence,1,682,,""
expressed,presence,1,683,,""
exserted,position,0,684,,""
exsiting,presence,0,685,,""
extant,size,0,686,,""
extends,size,0,687,,""
extensive,density,0,688,,""
extensor_flexor,structure,0,689,,""
exterior,position,1,690,,""
externo_medial,position,0,691,,""
extra,intensity_level,0,692,,""
extra_intestinal,intensity_level,0,693,,""
extraordinary,nomality,0,694,,""
extreme,intensity_level,0,695,,""
extrudes,development,0,696,,""
exudatory,development,0,697,,""
eye,structure,1,698,,""
face,structure,1,699,,""
facets,structure,0,700,,""
facial,structure,0,701,,""
fade,intensity_level,1,702,,""
fail,intensity_level,1,703,,""
faint,intensity_level,1,704,,""
falciform,shape,0,705,,""
fall,direction,1,706,,""
fan_like,shape,1,707,,""
far,size,0,708,,""
farther,life_style,0,709,,""
fascia,structure,0,710,,""
fashion,structure,0,711,,""
fauna,structure,0,712,,""
feae,structure,0,713,,""
feeble,intensity_level,1,714,,""
feeding,habit,0,715,,""
female,reproduction,1,716,,""
femur,structure,1,717,,""
ferraginous,coloration,0,718,,""
ferrugineus,coloration,0,719,,""
ferruginous,coloration,1,720,,""
fertile,reproduction,0,721,,""
festoon,structure,0,722,,""
few,density,1,723,,""
field,structure,0,724,,""
fifteenth,position,0,725,,""
fifth,count,0,726,,""
fig,manifestation,0,727,,""
fig,nominative,0,728,,""
fight,habit,1,729,,""
filamentous,structure,0,730,,""
filaments,structure,0,731,,""
filiform,shape,0,732,,""
fill,presence,1,733,,""
film,reflectance,0,734,,""
fin,structure,0,735,,""
fine,size,1,736,,""
finest,surface_sculpture,0,737,,""
finetipped,shape,0,738,,""
fingerlike,shape,0,739,,""
fingerprint_like,shape,0,740,,""
finishing,presence,0,741,,""
finlet,structure,1,742,,""
fins,structure,0,743,,""
first,position,0,744,,""
fission,differentiation,0,745,,""
fissure,structure,0,746,,""
five,count,0,747,,""
five_jointed,shape,0,748,,""
flagel,structure,0,749,,""
flagellar,structure,1,750,,""
flagelliform,shape,0,751,,""
flagellomeres,structure,0,752,,""
flagellum,structure,0,753,,""
flanged,shape,0,754,,""
flanked,position,1,755,,""
flanks,structure,0,756,,""
flap,position,0,757,,""
flared,reflectance,0,758,,""
flaring,shape,0,759,,""
flaring,reflectance,0,760,,""
flat,shape,1,761,,""
flat_topped,shape,0,762,,""
flavens_group,structure,0,763,,""
flavohyaline,coloration,0,764,,""
fleshy,texture,0,765,,""
flexed,shape,0,766,,""
flexible,variability,0,767,,""
flexible,architecture,0,768,,""
flexion,position,0,769,,""
flexuous,course,0,770,,""
flight,habit,0,771,,""
flight_functional,habit,0,772,,""
floor,structure,0,773,,""
folded,arrangement,0,774,,""
folded,shape,0,775,,""
folds,structure,0,776,,""
foliaceous,surface_sculpture,0,777,,""
food_pellet,structure,0,778,,""
footstalk,structure,0,779,,""
foraging,habit,0,780,,""
forcipate,shape,0,781,,""
fore,position,0,782,,""
fore_half,position,0,783,,""
forecoxa,structure,1,784,,""
forego,position,0,785,,""
forehead,structure,0,786,,""
foremost,position,0,787,,""
fork,structure,0,788,,""
former,position,0,789,,""
forth,count,0,790,,""
forward,direction,1,791,,""
forward_projecting,shape,0,792,,""
four,count,1,793,,""
four_segmented,count,0,794,,""
fourteenth,position,0,795,,""
fourth,count,0,796,,""
fovea,structure,1,797,,""
foveate,relief,0,798,,""
foveo_reticulate,surface_sculpture,0,799,,""
foveolae,structure,0,800,,""
foveolate,surface_sculpture,0,801,,""
foveolate_punctate,surface_sculpture,0,802,,""
foveolatereticulate,surface_sculpture,0,803,,""
foveolation,structure,0,804,,""
fragile,manifestation,0,805,,""
fragile,fragility,0,806,,""
free,absence,0,807,,""
frequent,frequency,1,808,,""
fresh,condition,0,809,,""
fringe,structure,0,810,,""
fringed,shape,1,811,,""
frons,structure,0,812,,""
front,position,1,813,,""
frontoclypeal,structure,0,814,,""
fuliginous,coloration,0,815,,""
full,size,0,816,,""
fullest,density,0,817,,""
fullface,structure,0,818,,""
fulvohyaline,coloration,0,819,,""
fulvous,coloration,0,820,,""
functional,condition,0,821,,""
fungus_growing,architecture,0,822,,""
funicular,shape,0,823,,""
funicular,derivation,0,824,,""
funiculi,structure,1,825,,""
furnish,presence,1,826,,""
furrow,structure,1,827,,""
furrowed,architecture,0,828,,""
furrows_shaped,shape,0,829,,""
fusco_ferruginous,coloration,0,830,,""
fusco_hyaline,coloration,1,831,,""
fusco_testaceous,coloration,0,832,,""
fuscoferruginous,surface_sculpture,0,833,,""
fuscous,coloration,1,834,,""
fuscous_red,coloration,0,835,,""
fusiform,shape,0,836,,""
fusion,character,1,837,,""
fuzzy,coloration,0,838,,""
galea,structure,0,839,,""
gaster,structure,0,840,,""
gasteric,structure,0,841,,""
gastral,structure,0,842,,""
gastric,structure,0,843,,""
gena,structure,0,844,,""
genal,structure,0,845,,""
generalized,normality,0,846,,""
generic,structure,0,847,,""
geniculate,shape,1,848,,""
genital,structure,0,849,,""
gentle,intensity_level,0,850,,""
genual,shape,0,851,,""
geographic,structure,0,852,,""
gibbous,shape,1,853,,""
gilded,coloration,0,854,,""
gill,structure,1,855,,""
gillslit,structure,0,856,,""
girdling,architecture,0,857,,""
glabrous,surface_sculpture,0,858,,""
gland,structure,0,859,,""
glass_like,shape,0,860,,""
glassy,surface_sculpture,1,861,,""
glaucous,coating,0,862,,""
glistening,reflectance,1,863,,""
globate,shape,1,864,,""
gloss,surface_sculpture,1,865,,""
glue,surface_sculpture,0,866,,""
golden,coloration,1,867,,""
gongshanensis,structure,0,868,,""
gracilicaudata,structure,0,869,,""
gradient,intensity_level,0,870,,""
grading,intensity_level,0,871,,""
gradual,intensity_level,0,872,,""
grandidieri_group,group,0,873,,""
granular,surface_sculpture,1,874,,""
granulate_foveolate,surface_sculpture,0,875,,""
granulate_punctate,surface_sculpture,1,876,,""
granulate_tuberculate,surface_sculpture,0,877,,""
gravel,surface_sculpture,0,878,,""
great,intensity_level,0,879,,""
greater,size,1,880,,""
green,coloration,1,881,,""
grey,coloration,1,882,,""
griseous,coloration,0,883,,""
groove,structure,1,884,,""
grooved,architecture,0,885,,""
ground_sculpture,structure,0,886,,""
groundpilosity,surface_sculpture,0,887,,""
growing,development,0,888,,""
hair,structure,1,889,,""
hair_bearing,surface_sculpture,0,890,,""
hair_like,surface_sculpture,0,891,,""
hairless,absence,0,892,,""
hairless,presence,0,893,,""
hairline,surface_sculpture,0,894,,""
hairy,structure,0,895,,""
hairy,surface_sculpture,0,896,,""
half,ratio,0,897,,""
halfway,position,0,898,,""
halves,structure,0,899,,""
hamuli,structure,0,900,,""
hard,intensity_level,0,901,,""
head,structure,0,902,,""
head_smooth,surface_sculpture,0,903,,""
heading,position,0,904,,""
headless,architecture,0,905,,""
headless,shape,0,906,,""
heart_shaped,shape,1,907,,""
heavy,weight,1,908,,""
helcium,structure,0,909,,""
hemisphere,structure,0,910,,""
hemispheric,shape,1,911,,""
hidden,presence,0,912,,""
hiding,absence,0,913,,""
hiding,presence,0,914,,""
high,height,1,915,,""
high_domed,shape,0,916,,""
high_subconical,shape,0,917,,""
hind,position,1,918,,""
hint,structure,0,919,,""
hispid,surface_sculpture,0,920,,""
hoary,surface_sculpture,0,921,,""
hollow,architecture,1,922,,""
hollow_curved,shape,0,923,,""
holotype,structure,0,924,,""
homologous,development,0,925,,""
hood_like,shape,0,926,,""
hook,structure,0,927,,""
hook_like,shape,1,928,,""
horizontal,position,0,929,,""
horn_shaped,shape,1,930,,""
horseshoe_shaped,shape,0,931,,""
hourglass,shape,0,932,,""
hue,coloration,1,933,,""
huge,size,0,934,,""
humeral,structure,0,935,,""
humerus,structure,0,936,,""
hump,structure,0,937,,""
humped,shape,0,938,,""
hyaline,coloration,0,939,,""
hypertrophied,position,0,940,,""
hypogaeic,habit,0,941,,""
hypopharynx,structure,0,942,,""
hypostoma,structure,0,943,,""
hypostomal,structure,0,944,,""
i,count,0,945,,""
identical,comparison,0,946,,""
ill,intensity_level,0,947,,""
ill_defined,presence,1,948,,""
illicium,structure,0,949,,""
illumination,structure,0,950,,""
illusion,structure,0,951,,""
illustrate,presence,1,952,,""
imagine,manifestation,1,953,,""
imago,life_style,0,954,,""
imbricate,arrangement,0,955,,""
immaginate,shape,0,956,,""
immarginate,shape,0,957,,""
immature,life_style,0,958,,""
imperfect,architecture,0,959,,""
impressed,depth,1,960,,""
impression,structure,0,961,,""
impunctate,surface_sculpture,0,962,,""
incipient,age,0,963,,""
incised,shape,0,964,,""
inclined,orientation,0,965,,""
inclining,shape,0,966,,""
included,presence,0,967,,""
incomplete,development,0,968,,""
incomplete,arrangement,0,969,,""
inconspicuous,manifestation,0,970,,""
incrassate,thickness,1,971,,""
increased,development,1,972,,""
incurved,shape,0,973,,""
indentation,structure,1,974,,""
indented,prominence,0,975,,""
indented,shape,0,976,,""
indistinct,prominence,0,977,,""
indistinct,manifestation,0,978,,""
indistinguishable,prominence,0,979,,""
indo_pacific,distribution,0,980,,""
infandus,structure,0,981,,""
inferior,insertion,0,982,,""
inferior,position,0,983,,""
inferolateral,position,0,984,,""
inflated,shape,0,985,,""
inflected,shape,0,986,,""
infradental,position,0,987,,""
infraspecific,position,0,988,,""
infumated,coloration,0,989,,""
infuscate,coloration,1,990,,""
injured,manifestation,0,991,,""
inner,position,1,992,,""
insertion,structure,1,993,,""
insertions,arrangement,0,994,,""
integrate,arrangement,1,995,,""
integument,structure,0,996,,""
inter,arrangement,0,997,,""
inter_dorsal,position,1,998,,""
inter_gill,position,0,999,,""
inter_ocular,position,0,1000,,""
inter_orbital,position,0,1001,,
intercalary,arrangement,0,1002,,
intercarinal,arrangement,1,1003,,
intercastes,development,0,1004,,
interconnected,arrangement,0,1005,,
interfoveolar,arrangement,0,1006,,
interior,position,1,1007,,
intermediate,position,0,1008,,
intermingled,arrangement,1,1009,,
internarial,position,0,1010,,
internidal,arrangement,0,1011,,
interocellar,arrangement,0,1012,,
interocular,arrangement,0,1013,,
interorbit,structure,0,1014,,
interorbital,position,0,1015,,
interpelvic,architecture,0,1016,,
interpretation,structure,0,1017,,
interrugal,arrangement,0,1018,,
interrupted,architecture,0,1019,,
interruptions,insertion,0,1020,,
intersecting,arrangement,0,1021,,
intersegmental,arrangement,0,1022,,
interspace,structure,1,1023,,
interspersed,surface_configuration,0,1024,,
interstitial,surface_sculpture,0,1025,,
interstrial,surface_sculpture,0,1026,,
intertwined,arrangement,0,1027,,
intrageneric,arrangement,0,1028,,
intraspecific,arrangement,0,1029,,
intricate,arrangement,0,1030,,
inturncd,direction,0,1031,,
intuscated,arrangement,0,1032,,
invagination,structure,0,1033,,
inverse,direction,1,1034,,
invisible,presence,0,1035,,
involves,presence,0,1036,,
inward,direction,0,1037,,
iridescent,coloration,0,1038,,
iris,structure,0,1039,,
irrregular,arrangement,0,1040,,
isolate,arrangement,1,1041,,
it,substance,0,1042,,
iv,count,0,1043,,
ivory,coloration,0,1044,,
j_shaped,shape,0,1045,,
jagged,structure,0,1046,,
jaw,structure,1,1047,,
jet_black,coloration,0,1048,,
joined,fusion,1,1049,,
joint,structure,1,1050,,
jugal,structure,0,1051,,
junction,position,0,1052,,
juncture,structure,0,1053,,
juts,structure,0,1054,,
juvenile,life_style,1,1055,,
kamengensis,structure,0,1056,,
katepistcrnum,structure,0,1057,,
katepisternum,structure,0,1058,,
katepisternun,structure,0,1059,,
keel,structure,1,1060,,
keeled,shape,0,1061,,
knees,structure,0,1062,,
knife_edged,shape,0,1063,,
labral,structure,0,1064,,
labrum,structure,0,1065,,
lachrymals,structure,0,1066,,
lack,density,1,1067,,
lacunose,surface_sculpture,0,1068,,
lamellae,structure,0,1069,,
lamellar,structure,0,1070,,
lamellate,shape,1,1071,,
laminar,structure,0,1072,,
laminate,shape,0,1073,,
lanceolate,shape,0,1074,,
lancet,structure,0,1075,,
lanose,surface_sculpture,0,1076,,
large,size,1,1077,,
large_eyed,structure,0,1078,,
larvae,life_style,0,1079,,
larval,structure,0,1080,,
last,position,0,1081,,
late_striate,surface_sculpture,0,1082,,
later,position,0,1083,,
laterad,position,0,1084,,
lateral,position,0,1085,,
lateral_line,position,0,1086,,
laterapical,position,0,1087,,
latero_dorsal,position,1,1088,,
latero_posterior,position,0,1089,,
laterocaudad,position,0,1090,,
laterotergite,structure,0,1091,,
latter,structure,0,1092,,
lavender,coloration,0,1093,,
lavender_gray,coloration,0,1094,,
layer,structure,0,1095,,
lean,shape,1,1096,,
lectus,structure,0,1097,,
left,direction,0,1098,,
leg,structure,1,1099,,
lengthened,length,1,1100,,
lengths,length,0,1101,,
lengthways,structure,0,1102,,
lesser,density,0,1103,,
level,structure,0,1104,,
light,intensity_level,1,1105,,
light,reflectance,0,1106,,
light_colored,coloration,0,1107,,
light_medium,reflectance,0,1108,,
lighter_colored,reflectance,1,1109,,
limb,structure,0,1110,,
limit,structure,0,1111,,
limited,presence,0,1112,,
line,structure,1,1113,,
linear,shape,0,1114,,
linear_triangular,shape,0,1115,,
lined,presence,0,1116,,
lineolata,structure,0,1117,,
lineolate,surface_sculpture,0,1118,,
lining,surface_sculpture,0,1119,,
link,fusion,0,1120,,
lip,structure,1,1121,,
lip_like,shape,0,1122,,
liquid,structure,0,1123,,
little,intensity_level,0,1124,,
live,presence,1,1125,,
livery,structure,0,1126,,
loaf_shaped,shape,0,1127,,
lobate,shape,1,1128,,
lobe,structure,0,1129,,
local,position,1,1130,,
located,location,0,1131,,
located,position,0,1132,,
lodge,presence,1,1133,,
long,length,1,1134,,
long_elliptical,shape,0,1135,,
longicauda,structure,0,1136,,
longish,shape,0,1137,,
longitudinal,orientation,0,1138,,
looped,shape,0,1139,,
loose,density,1,1140,,
lord,structure,0,1141,,
loss,presence,1,1142,,
low,position,1,1143,,
low_triangular,shape,0,1144,,
lower,derivation,1,1145,,
lozenge,architecture,0,1146,,
lucid,reflectance,0,1147,,
lugulose,surface_sculpture,0,1148,,
lustrous,reflectance,0,1149,,
luteous,coloration,0,1150,,
lying,presence,0,1151,,
macropterus,structure,0,1152,,
macrotrema,structure,0,1153,,
mahogany,coloration,0,1154,,
main,prominence,0,1155,,
maintaining,presence,0,1156,,
major,prominence,0,1157,,
malar,structure,0,1158,,
male,reproduction,1,1159,,
malpighian,structure,0,1160,,
mandible,structure,1,1161,,
mandibular,structure,0,1162,,
many,density,0,1163,,
margin,structure,0,1164,,
marginal,position,1,1165,,
margins,structure,0,1166,,
marked,structure,1,1167,,
marroon,coloration,1,1168,,
masculine,reproduction,0,1169,,
masking,presence,0,1170,,
massive,size,0,1171,,
masticatory,position,0,1172,,
mat,surface_sculpture,1,1173,,
mating,reproduction,1,1174,,
matter,structure,0,1175,,
mature,age,0,1176,,
maxilla,structure,1,1177,,
maxillary,structure,0,1178,,
maximum,intensity_level,0,1179,,
mayrian,structure,0,1180,,
medial,position,0,1181,,
medially_directed,direction,0,1182,,
median,position,0,1183,,
mediodorsal,position,0,1184,,
medium,size,0,1185,,
medium_brown,coloration,0,1186,,
medium_length,length,0,1187,,
medium_sized,size,1,1188,,
mediumlong,length,0,1189,,
melanophores,structure,0,1190,,
melbourne,distribution,0,1191,,
membrane,structure,1,1192,,
membranous,surface_sculpture,0,1193,,
mensurable,comparison,0,1194,,
merge,fusion,1,1195,,
meristic,differentiation,0,1196,,
mes,structure,0,1197,,
mesad,fusion,0,1198,,
mesad,position,0,1199,,
mesal,position,0,1200,,
mesepisternum,structure,0,1201,,
meshes,structure,0,1202,,
mesial,position,0,1203,,
meso,position,0,1204,,
meso,structure,0,1205,,
meso_metanotum,structure,0,1206,,
mesocpinotal,position,0,1207,,
mesoepinotal,position,0,1208,,
mesokatepisternal,position,0,1209,,
mesometanotal,position,0,1210,,
mesometapleural,position,0,1211,,
mesometasternum,structure,0,1212,,
mesonotal,position,0,1213,,
mesonotal_propodeal,position,0,1214,,
mesonotum,structure,0,1215,,
mesopleura,structure,1,1216,,
mesopleural,position,0,1217,,
mesopropodeal,position,0,1218,,
mesoscutal,position,0,1219,,
mesoscutum,structure,0,1220,,
mesoso,position,0,1221,,
mesosoma,structure,0,1222,,
mesosomal,position,0,1223,,
mesosomal_propodeal,position,0,1224,,
mesothoracic,position,0,1225,,
mesotibial,position,0,1226,,
messoma,structure,0,1227,,
meta,position,0,1228,,
metaepinotal,position,0,1229,,
metallic,coloration,0,1230,,
metanotal,position,0,1231,,
metanotum,structure,0,1232,,
metapeural,position,0,1233,,
metapleura,structure,1,1234,,
metapleural,position,0,1235,,
metapropodeal,position,0,1236,,
metasoma,structure,0,1237,,
metasomal,position,0,1238,,
metasternal,position,0,1239,,
metasternum,structure,0,1240,,
metathoracic,position,0,1241,,
metathorax,structure,0,1242,,
metatibia,structure,1,1243,,
metatibial,position,0,1244,,
metepisterna,structure,1,1245,,
micro,size,0,1246,,
microaerolate,surface_sculpture,0,1247,,
micropunctate,surface_sculpture,0,1248,,
microreticulate,surface_sculpture,1,1249,,
microscopical,surface_sculpture,0,1250,,
microsculpture,structure,0,1251,,
microsculptured,surface_sculpture,0,1252,,
microstructure,surface_sculpture,0,1253,,
microtuberculated,shape,0,1254,,
mid,position,1,1255,,
mid_brown,coloration,0,1256,,
mid_cleft,position,0,1257,,
mid_eye,structure,0,1258,,
mid_level,structure,0,1259,,
midclypeal,position,0,1260,,
middorsal,position,0,1261,,
middorsum,structure,0,1262,,
midfrontal,position,0,1263,,
midheight,position,0,1264,,
midlateral,position,0,1265,,
midlength,position,0,1266,,
midlevel,position,0,1267,,
midline,structure,0,1268,,
midlongitudinal,position,0,1269,,
midpoint,structure,0,1270,,
midpronotal,position,0,1271,,
midventral,position,0,1272,,
midway,position,0,1273,,
milky,coloration,1,1274,,
minor,prominence,0,1275,,
minority,intensity_level,0,1276,,
minus,absence,0,1277,,
minute,size,0,1278,,
mixture,arrangement,0,1279,,
moderate,intensity_level,0,1280,,
modest,intensity_level,0,1281,,
modestly_sized,size,0,1282,,
modified,development,0,1283,,
monomorphic,life_style,0,1284,,
more,comparison,0,1285,,
morphocline,structure,0,1286,,
most,intensity_level,0,1287,,
mottled,coloration,0,1288,,
mound,coloration,0,1289,,
mouth,structure,0,1290,,
much,intensity_level,0,1291,,
mud,coloration,0,1292,,
multicolored,coloration,0,1293,,
multidentate,architecture,1,1294,,
multifacetted,surface_sculpture,0,1295,,
multiple,count,0,1296,,
multituberculated,surface_sculpture,0,1297,,
multitudinous,density,0,1298,,
mutilated,manifestation,0,1299,,
myrmicocrypta_like,shape,0,1300,,
myzostoma,structure,0,1301,,
naked,presence,0,1302,,
nape,structure,0,1303,,
nares,structure,0,1304,,
narrow,width,1,1305,,
narrow_lanceolate,size,0,1306,,
narrowed,size,1,1307,,
near_perfect,intensity_level,0,1308,,
near_vertical,shape,0,1309,,
nearby,position,1,1310,,
nebulifer,structure,0,1311,,
neck,structure,0,1312,,
neck_like,shape,0,1313,,
needle_like,shape,1,1314,,
nervures,structure,0,1315,,
nest_under,position,0,1316,,
network,structure,0,1317,,
neuration,structure,0,1318,,
never,absence,0,1319,,
new,age,0,1320,,
next,position,0,1321,,
nigro,coloration,0,1322,,
nigro_piceous,coloration,1,1323,,
nigrofuscous,coloration,0,1324,,
nine,count,0,1325,,
nineteenth,position,0,1326,,
ninth,position,0,1327,,
nitid,reflectance,0,1328,,
no,absence,0,1329,,
no,presence,0,1330,,
nodal,position,0,1331,,
node,structure,1,1332,,
nodiform,shape,1,1333,,
none,absence,1,1334,,
normal,normality,0,1335,,
nostril,structure,1,1336,,
notable,prominence,0,1337,,
notauli,structure,1,1338,,
notch,structure,0,1339,,
notched,shape,0,1340,,
noticeable,prominence,0,1341,,
nucal,shape,0,1342,,
nuchal,position,0,1343,,
numeral,density,1,1344,,
nuptial,reproduction,0,1345,,
nuptial,behaviour,0,1346,,
oblique,shape,0,1347,,
oblique_dorsal,shape,0,1348,,
obliterated,surface_sculpture,0,1349,,
oblong,shape,0,1350,,
oblong_cordate,shape,0,1351,,
oblong_ovate,shape,1,1352,,
oblong_quadrate,shape,1,1353,,
obovate,shape,0,1354,,
obscure,manifestation,0,1355,,
obscured,manifestation,0,1356,,
observed,presence,0,1357,,
obsolescent,presence,0,1358,,
obsolete,absence,0,1359,,
obtuse_angled,shape,1,1360,,
obtuse_conical,shape,0,1361,,
obvious,presence,0,1362,,
occipital,position,0,1363,,
occiptial,position,0,1364,,
occiput,structure,0,1365,,
occurring,presence,0,1366,,
ocelli,structure,1,1367,,
ocello_occipital,structure,0,1368,,
ocellocular,structure,0,1369,,
ochra,coloration,1,1370,,
oculomandibular,structure,0,1371,,
oddly_shaped,shape,0,1372,,
off_white,coloration,0,1373,,
old,age,1,1374,,
olivaceous,coloration,1,1375,,
olive_brown,coloration,1,1376,,
ommatidia,structure,0,1377,,
ommatidial,structure,0,1378,,
one,count,0,1379,,
one_eighth,ratio,1,1380,,
one_fifth,ratio,0,1381,,
one_fourth,ratio,0,1382,,
one_half,ratio,1,1383,,
one_quarter,ratio,0,1384,,
one_sixth,ratio,0,1385,,
one_third,ratio,0,1386,,
opalescent,coloration,0,1387,,
opaque,coloration,1,1388,,
opaque_black,coloration,1,1389,,
open,closure,0,1390,,
opened,architecture,0,1391,,
opening,structure,0,1392,,
opercle,structure,0,1393,,
operculum,structure,0,1394,,
opposable,position,0,1395,,
opposite,position,0,1396,,
opposite,arrangement,0,1397,,
or_shaped,shape,0,1398,,
orange,coloration,1,1399,,
orange_andbrown,coloration,0,1400,,
orange_brown,coloration,1,1401,,
orange_red,coloration,0,1402,,
orange_yellow,coloration,0,1403,,
orbicular,shape,1,1404,,
orbit,structure,1,1405,,
orbito_spiracular,position,0,1406,,
ordinary,nomality,0,1407,,
oriental,orientation,0,1408,,
orifice,structure,0,1409,,
origin,structure,0,1410,,
originating,presence,0,1411,,
orthocephalic,structure,0,1412,,
out_turned,direction,0,1413,,
outcurved,shape,0,1414,,
outer,position,1,1415,,
outstanding,prominence,0,1416,,
oval,shape,1,1417,,
overall,structure,0,1418,,
overarched,shape,1,1419,,
overhang,size,1,1420,,
overhanging,shape,0,1421,,
overhung,position,0,1422,,
overlaid,presence,0,1423,,
overlain,density,0,1424,,
overlap,arrangement,1,1425,,
overlay,presence,1,1426,,
overreaching,size,0,1427,,
overtones,intensity_level,0,1428,,
packed,density,0,1429,,
pad,structure,0,1430,,
paddle_shaped,shape,0,1431,,
pain,structure,0,1432,,
pair,structure,1,1433,,
paired,arrangement,0,1434,,
palatines,structure,0,1435,,
pale,coloration,1,1436,,
pale_yellow,coloration,1,1437,,
palp,structure,1,1438,,
palpal,structure,0,1439,,
panamanian,structure,0,1440,,
papillose,surface_sculpture,0,1441,,
paracarinal,architecture,0,1442,,
paraclypeal,architecture,0,1443,,
parafrontal,architecture,0,1444,,
parallel,direction,1,1445,,
parallel_sided,architecture,0,1446,,
paramedian,position,0,1447,,
parameral,position,0,1448,,
paramere,structure,0,1449,,
parapscs,structure,0,1450,,
parapsidal,position,0,1451,,
parascutal,position,0,1452,,
parasitic,structure,0,1453,,
paratypes,structure,0,1454,,
pareuchiloglanisgracilicaudata,structure,0,1455,,
parietal,placentation,0,1456,,
part,structure,1,1457,,
partial,size,0,1458,,
patch,structure,1,1459,,
pattern,coloration,0,1460,,
pattern,arrangement,1,1461,,
paxilliform,shape,0,1462,,
peak,position,1,1463,,
pear_like,shape,0,1464,,
pear_shaped,shape,0,1465,,
pectinate,shape,0,1466,,
pectination,structure,0,1467,,
pectoral,position,0,1468,,
pectoral_fin,structure,0,1469,,
pectoral_pelvic,position,0,1470,,
pectorals,structure,0,1471,,
peculiar,shape,0,1472,,
pedicel,structure,0,1473,,
pedicelar,shape,0,1474,,
peduncle,structure,0,1475,,
pedunculate,shape,1,1476,,
peglike,shape,0,1477,,
pelvic,structure,0,1478,,
pelvic_anal,position,0,1479,,
pelvic_caudal,position,0,1480,,
pelvic_fin,structure,0,1481,,
penial,position,0,1482,,
penis,structure,0,1483,,
pennant_shaped,shape,0,1484,,
pentagonal,shape,0,1485,,
penultimate,position,0,1486,,
peppered,coloration,0,1487,,
perfect,architecture,0,1488,,
perimeter,size,0,1489,,
perish,presence,0,1490,,
perpendicular,orientation,0,1491,,
petiolar,shape,0,1492,,
petiole,structure,0,1493,,
petiole_postpetiolar,position,0,1494,,
petioleg,shape,0,1495,,
pharate,structure,0,1496,,
phylogenetic,structure,0,1497,,
piccous,structure,0,1498,,
piceous,coloration,0,1499,,
pigment,coloration,1,1500,,
pile,structure,0,1501,,
piliferous,shape,0,1502,,
piligerous,surface_sculpture,0,1503,,
pilose,surface_sculpture,0,1504,,
pilosity,structure,0,1505,,
pinched,surface_sculpture,0,1506,,
pinkish,coloration,0,1507,,
pit,structure,1,1508,,
pitfall,structure,0,1509,,
pitted,surface_sculpture,0,1510,,
plain,surface_sculpture,1,1511,,
plane,structure,0,1512,,
plants,structure,0,1513,,
plate,structure,0,1514,,
platform,structure,0,1515,,
plentiful,density,0,1516,,
ploughed,shape,0,1517,,
plumose,architecture,0,1518,,
plus,presence,0,1519,,
poilanei,structure,0,1520,,
point,structure,0,1521,,
pointed,shape,0,1522,,
pointing,direction,1,1523,,
polished,reflectance,0,1524,,
polydomous,life_style,0,1525,,
polygonal,shape,0,1526,,
polymorphic,habit,0,1527,,
polymorphism,density,0,1528,,
populous,density,0,1529,,
pores,structure,0,1530,,
porrect,orientation,0,1531,,
port,structure,0,1532,,
portion,structure,1,1533,,
poserolateral,position,0,1534,,
positioned,position,0,1535,,
post,position,0,1536,,
post_marginal,position,0,1537,,
post_ventral,position,0,1538,,
postbuccal,position,0,1539,,
posterad,position,0,1540,,
posteriolateral,position,1,1541,,
posterior,position,1,1542,,
postero_dorsal,position,1,1543,,
postero_mesonotal,position,0,1544,,
postero_superior,position,0,1545,,
posterodistal,position,0,1546,,
posteroinferior,position,0,1547,,
posteroinner,position,0,1548,,
posteromedial,position,1,1549,,
posteroventral,position,0,1550,,
postocellar,position,0,1551,,
postocular,position,0,1552,,
postorbital,position,0,1553,,
postpedicellar,position,0,1554,,
postpetiolar,position,0,1555,,
postpetiolar_gastral,position,0,1556,,
postpetiole,structure,0,1557,,
postpetiole_shaped,shape,0,1558,,
postpetole,position,0,1559,,
postscutellum,structure,0,1560,,
powerful,external_texture,0,1561,,
pre_anal,position,1,1562,,
pre_narial,position,0,1563,,
pre_oral,position,0,1564,,
pre_orbital,position,0,1565,,
pre_pectoral,position,0,1566,,
pre_pelvic,position,0,1567,,
pre_spiracular,position,0,1568,,
pre_ventral,position,0,1569,,
preapical,position,0,1570,,
prebasal,position,0,1571,,
precaudal,position,0,1572,,
preceded,direction,1,1573,,
predominated,prominence,0,1574,,
prelate,arrangement,0,1575,,
premaxilla,structure,1,1576,,
premesonotal,position,0,1577,,
preoccipital,position,0,1578,,
preocular,position,0,1579,,
preopercle,structure,0,1580,,
preopercular,position,0,1581,,
presence,character,1,1582,,
preserved,presence,0,1583,,
pretarsal,position,0,1584,,
pretergital,position,0,1585,,
pretergite,structure,0,1586,,
pretty,manifestation,0,1587,,
previous,position,0,1588,,
prey,structure,0,1589,,
primary,count,0,1590,,
primitive,age,0,1591,,
principal,prominence,0,1592,,
prismatic,shape,0,1593,,
pro,position,0,1594,,
pro_mesothoracic,position,0,1595,,
process,structure,1,1596,,
procoxa,structure,1,1597,,
procumbent,habit,0,1598,,
produced,presence,0,1599,,
profemur,structure,0,1600,,
profile_shaped,shape,0,1601,,
profound,prominence,0,1602,,
progress,development,1,1603,,
project,structure,1,1604,,
prolixdorsalis,structure,0,1605,,
prolixdorsalis,species_name,0,1606,,
prolongation,structure,0,1607,,
prolonged,direction,0,1608,,
promeso,position,0,1609,,
promesonotal,position,0,1610,,
promesonotum,structure,0,1611,,
promesosonal,position,0,1612,,
promesosotal,position,0,1613,,
prominence,character,1,1614,,
prone,orientation,0,1615,,
pronotal,position,0,1616,,
pronotum,structure,0,1617,,
pronounced,prominence,0,1618,,
pronounced,manifestation,0,1619,,
proper,structure,0,1620,,
propleura,structure,0,1621,,
propodeal,position,0,1622,,
propodeum,structure,0,1623,,
proportionate,ratio,0,1624,,
proposed,presence,0,1625,,
prothoracic,position,0,1626,,
prothorax,structure,0,1627,,
protibia,structure,0,1628,,
protracted,direction,0,1629,,
protruding,orientation,0,1630,,
protrusible,direction,0,1631,,
protrusion,structure,0,1632,,
protuberant,shape,0,1633,,
protuberences,structure,0,1634,,
provided,presence,0,1635,,
proximal,position,0,1636,,
pruinose,coating,0,1637,,
pseudobranchiae,structure,0,1638,,
pterotic,position,0,1639,,
pterygoids,structure,0,1640,,
pubecence,surface_sculpture,1,1641,,
puncta,structure,0,1642,,
punctate,surface_sculpture,1,1643,,
punctate_granulate,surface_sculpture,0,1644,,
punctate_rugulose,surface_sculpture,1,1645,,
punctate_striate,surface_sculpture,1,1646,,
punctatereticulate,surface_sculpture,0,1647,,
punctation,structure,0,1648,,
punctuate_perlate,surface_sculpture,0,1649,,
punctuation,structure,1,1650,,
punctulopubescent,surface_sculpture,0,1651,,
punctures,structure,1,1652,,
puncturing,surface_sculpture,0,1653,,
pupation,structure,0,1654,,
pupil,structure,0,1655,,
purple,coloration,1,1656,,
pyriform,shape,0,1657,,
quadrate,shape,1,1658,,
quadrate_oval,shape,0,1659,,
quadridentate,shape,0,1660,,
quadrituberculate,shape,0,1661,,
quarter,ratio,0,1662,,
queen,life_style,0,1663,,
radiais,structure,0,1664,,
radial,arrangement,1,1665,,
radials,structure,0,1666,,
radiate,architecture,0,1667,,
radius,structure,0,1668,,
rainforest,structure,0,1669,,
raised,development,0,1670,,
random,density,0,1671,,
range,structure,0,1672,,
rare,density,0,1673,,
ray,structure,1,1674,,
real,presence,0,1675,,
rear,position,1,1676,,
rearward,direction,0,1677,,
reception,structure,0,1678,,
recessed,presence,0,1679,,
reclinate,development,0,1680,,
recognizable,presence,0,1681,,
recorded,presence,0,1682,,
rectangular,shape,0,1683,,
recumbent,architecture,0,1684,,
recurrent,arrangement,0,1685,,
recurved,shape,0,1686,,
red,coloration,1,1687,,
red_black,coloration,0,1688,,
red_brown,coloration,1,1689,,
reddish_orange,coloration,0,1690,,
reddish_yellow,coloration,1,1691,,
redescription,structure,0,1692,,
reduced,intensity_level,0,1693,,
reduced,size,0,1694,,
reflect,reflectance,1,1695,,
reflexed,reflectance,0,1696,,
region,structure,1,1697,,
regular,architecture,0,1698,,
regular,normality,0,1699,,
regularly_spaced,arrangement,0,1700,,
remainder,structure,0,1701,,
remarkable,prominence,0,1702,,
remiform,shape,0,1703,,
renamed,presence,0,1704,,
rendered,presence,0,1705,,
reniform,shape,0,1706,,
repeated,presence,0,1707,,
representative,presence,1,1708,,
reproductive,reproduction,0,1709,,
resembles,comparison,1,1710,,
restricted,presence,0,1711,,
retained,presence,0,1712,,
reticular,surface_sculpture,1,1713,,
reticulate_foveolate,surface_sculpture,0,1714,,
reticulate_granulate,surface_sculpture,0,1715,,
reticulate_puncate,surface_sculpture,1,1716,,
reticulate_striolate,surface_sculpture,1,1717,,
reticulatelyrugose,surface_sculpture,1,1718,,
reticulatepuncturation,surface_sculpture,0,1719,,
reticulation,structure,1,1720,,
reticulum,structure,0,1721,,
retractable,arrangement,0,1722,,
retracted,presence,1,1723,,
rhabdurus,structure,0,1724,,
rhomboid,shape,1,1725,,
rich,density,0,1726,,
ridge,structure,1,1727,,
right,position,0,1728,,
right,direction,0,1729,,
right_angular,shape,1,1730,,
right_subtriangular,shape,0,1731,,
rigid,external_texture,0,1732,,
rim,structure,0,1733,,
rimmed,presence,0,1734,,
rimosus,structure,0,1735,,
ring,structure,1,1736,,
ringlike,shape,0,1737,,
ripe,external_texture,0,1738,,
rise,direction,1,1739,,
rising,development,0,1740,,
robust,size,0,1741,,
robusta,structure,0,1742,,
rogeri,structure,0,1743,,
romboid,structure,0,1744,,
rotten,external_texture,0,1745,,
rotundate,shape,0,1746,,
rough,surface_sculpture,1,1747,,
roughened,surface_configuration,0,1748,,
round,shape,1,1749,,
round_bottomed,shape,0,1750,,
round_edged,shape,0,1751,,
roundedtriangular,shape,0,1752,,
row,structure,1,1753,,
rudiment,manifestation,1,1754,,
rufescent,coloration,0,1755,,
rufo_castaneous,surface_sculpture,0,1756,,
rufo_ferruginous,surface_sculpture,0,1757,,
rufo_fulvous,surface_sculpture,0,1758,,
rufo_piceous,coloration,0,1759,,
rufo_piceous,shape,0,1760,,
rufo_testaceous,shape,0,1761,,
rufofuscous,coloration,0,1762,,
rufopiceous,coloration,0,1763,,
rufotestaceous,coloration,0,1764,,
rufous,coloration,1,1765,,
ruga,structure,1,1766,,
rugoreticular,surface_sculpture,1,1767,,
rugose,surface_sculpture,0,1768,,
rugose_punctate,surface_sculpture,1,1769,,
rugosereticulate,surface_sculpture,0,1770,,
rugosestriate,surface_sculpture,0,1771,,
rugosity,structure,0,1772,,
rugoso_reticulation,surface_sculpture,1,1773,,
rugula,structure,1,1774,,
rugular,surface_sculpture,1,1775,,
rugulation,surface_sculpture,0,1776,,
rugulose_carinulate,surface_sculpture,0,1777,,
rugulose_punctate,surface_sculpture,0,1778,,
ruguloso_striate,surface_sculpture,0,1779,,
rugulosoreticulate,surface_sculpture,0,1780,,
running,architecture,0,1781,,
running,course,0,1782,,
rusty,coloration,0,1783,,
rusty_red,coloration,0,1784,,
saddle,structure,1,1785,,
saddle_like,shape,1,1786,,
saddle_shaped,shape,0,1787,,
sagittal,shape,1,1788,,
salient,orientation,0,1789,,
salivary,structure,0,1790,,
salta,distribution,0,1791,,
same,comparison,0,1792,,
sandpaperlike,surface_sculpture,0,1793,,
sandy,surface_sculpture,0,1794,,
scabrous,surface_sculpture,0,1795,,
scale,structure,1,1796,,
scale_like,shape,1,1797,,
scalloped,shape,0,1798,,
scanty,density,1,1799,,
scape,structure,1,1800,,
scapular,shape,0,1801,,
scarce,density,0,1802,,
scattered,density,0,1803,,
scimitar_shaped,shape,0,1804,,
sclerites,structure,0,1805,,
sclerotised,surface_sculpture,1,1806,,
scotti_group,group,0,1807,,
scratches,structure,0,1808,,
scries,structure,0,1809,,
scrobal,position,0,1810,,
scrobe,structure,1,1811,,
scrobe_like,shape,0,1812,,
scrobiculate,relief,0,1813,,
scruffy,structure,0,1814,,
sculp,surface_sculpture,0,1815,,
sculpted,surface_sculpture,1,1816,,
sculpture,structure,1,1817,,
sculpture_free,surface_sculpture,0,1818,,
scutellum,structure,0,1819,,
scuto,surface_sculpture,0,1820,,
scutoscutellar,surface_sculpture,0,1821,,
scutum,structure,0,1822,,
scythe_shaped,shape,0,1823,,
second,position,0,1824,,
section,structure,1,1825,,
sector,structure,0,1826,,
seen,presence,0,1827,,
segment,structure,1,1828,,
segmental,shape,1,1829,,
segmented,structure,0,1830,,
semicirclet,shape,1,1831,,
semicircular,arrangement,0,1832,,
semidecumbent,shape,0,1833,,
semierect,shape,0,1834,,
semiglobose,shape,0,1835,,
semiliquid,architecture,0,1836,,
semitranslucent,reflectance,0,1837,,
semitransparent,reflectance,0,1838,,
sensilla,structure,1,1839,,
sensorial,shape,0,1840,,
separable,differentiation,0,1841,,
separate,arrangement,1,1842,,
sequence,arrangement,0,1843,,
sericeous,surface_sculpture,0,1844,,
series,structure,0,1845,,
serket,structure,0,1846,,
serrae,structure,0,1847,,
serrate,shape,1,1848,,
sessile,position,0,1849,,
set,structure,0,1850,,
setaceous,shape,0,1851,,
setae,structure,1,1852,,
setal,shape,0,1853,,
setiform,shape,0,1854,,
setigerous,surface_sculpture,0,1855,,
setose,surface_sculpture,0,1856,,
seventeenth,position,0,1857,,
seventh,count,0,1858,,
several,density,0,1859,,
sexuality,reproduction,0,1860,,
sexuals,reproduction,0,1861,,
shaded,coloration,0,1862,,
shaft,structure,0,1863,,
shagreen,coloration,1,1864,,
shallow,depth,1,1865,,
shape,character,1,1866,,
sharkfin,shape,0,1867,,
sharp,shape,1,1868,,
sharp_edged,shape,0,1869,,
sheath,structure,0,1870,,
sheen,structure,0,1871,,
shelf,structure,0,1872,,
shelf_like,shape,0,1873,,
shelve,shape,0,1874,,
shield,architecture,0,1875,,
shield_like,shape,1,1876,,
shifted,arrangement,0,1877,,
shinier,reflectance,0,1878,,
shining,surface_sculpture,1,1879,,
shiny,reflectance,0,1880,,
short,length,1,1881,,
short_cylindrical,shape,0,1882,,
short_denticulate,shape,0,1883,,
short_elliptical,shape,0,1884,,
short_oval,shape,0,1885,,
short_spiniform,shape,0,1886,,
shortened,size,0,1887,,
shorter,size,1,1888,,
shovel_like,shape,0,1889,,
sibling,life_style,0,1890,,
sichuanensis,structure,0,1891,,
sickleshaped,shape,0,1892,,
side,position,0,1893,,
sided,architecture,0,1894,,
sides,structure,0,1895,,
sidewards,direction,0,1896,,
sideways,position,0,1897,,
sight,presence,0,1898,,
sigmoidal,shape,0,1899,,
sign,structure,0,1900,,
silken,coloration,1,1901,,
silver,coloration,1,1902,,
silvery_grey,coloration,0,1903,,
silvery_white,coloration,1,1904,,
similar,comparison,1,1905,,
simple,comparison,0,1906,,
sinensis,structure,0,1907,,
single,count,0,1908,,
sinuate,shape,0,1909,,
sinuous,course,0,1910,,
site,structure,0,1911,,
sitting,location,0,1912,,
situate,presence,1,1913,,
six,count,0,1914,,
sixteenth,position,0,1915,,
sixth,position,0,1916,,
size,character,1,1917,,
skin,structure,0,1918,,
slanted,surface_sculpture,1,1919,,
slender,shape,0,1920,,
slick,surface_sculpture,0,1921,,
slight,intensity_level,0,1922,,
slit,structure,0,1923,,
slit_shaped,shape,0,1924,,
sliver,size,0,1925,,
slope,shape,1,1926,,
small,size,1,1927,,
smalleyed,size,0,1928,,
smeared,coloration,0,1929,,
smoky,coloration,0,1930,,
smooth,surface_sculpture,1,1931,,
snail,structure,0,1932,,
snorter,structure,0,1933,,
snout,structure,0,1934,,
snout_vent,position,0,1935,,
snowwhite,coloration,0,1936,,
sock_shaped,shape,0,1937,,
socket,structure,1,1938,,
soft,intensity_level,0,1939,,
soft,external_texture,0,1940,,
softer,density,0,1941,,
soil,structure,0,1942,,
sole,density,0,1943,,
solid,architecture,0,1944,,
solitary,arrangement,0,1945,,
solitary,habit,0,1946,,
some,density,0,1947,,
somites,structure,0,1948,,
songdaensis,structure,0,1949,,
songmaensis,structure,0,1950,,
sooty_black,coloration,0,1951,,
sort,structure,0,1952,,
space,structure,1,1953,,
spaced_out,arrangement,0,1954,,
sparkle,reflectance,0,1955,,
sparse,density,1,1956,,
spatulate,shape,0,1957,,
specimens,structure,0,1958,,
spectral,shape,0,1959,,
speculum,structure,0,1960,,
sphaerical,shape,0,1961,,
sphenotic,structure,0,1962,,
spherical,shape,0,1963,,
spindle_shaped,shape,0,1964,,
spine,structure,0,1965,,
spine_like,shape,1,1966,,
spinel,shape,0,1967,,
spines,structure,0,1968,,
spiniform,structure,0,1969,,
spinkled,shape,0,1970,,
spinose,architecture,0,1971,,
spinule,structure,1,1972,,
spiracle,structure,1,1973,,
spiracular,structure,0,1974,,
spongiform,shape,0,1975,,
spoon_shaped,shape,1,1976,,
spot,structure,1,1977,,
spread,density,0,1978,,
spreading,density,0,1979,,
sprinkled,density,1,1980,,
spur,structure,1,1981,,
squamate,surface_sculpture,1,1982,,
squamiform,shape,0,1983,,
square,shape,1,1984,,
stages,structure,0,1985,,
stain,structure,0,1986,,
stained,coloration,0,1987,,
stalked,architecture,0,1988,,
stand,architecture,0,1989,,
standard,structure,0,1990,,
standing,orientation,0,1991,,
station,structure,0,1992,,
stature,structure,0,1993,,
steel_blue,coloration,0,1994,,
steep,shape,0,1995,,
stem,structure,0,1996,,
step,structure,0,1997,,
step_like,shape,0,1998,,
sternal,position,0,1999,,
sternite,structure,1,2000,,
sternum,structure,0,2001,,
stiff,architecture,0,2002,,
stiff,external_texture,1,2003,,
stigma,structure,0,2004,,
stopping,absence,0,2005,,
stout,size,0,2006,,
stout,fragility,0,2007,,
stout_based,shape,0,2008,,
stouter,fragility,0,2009,,
straddling,shape,0,2010,,
straight,direction,1,2011,,
strangulated,shape,0,2012,,
straw_colored,coloration,0,2013,,
stray,life_style,0,2014,,
streak_like,coloration,0,2015,,
streaks,structure,0,2016,,
streamers,coloration,0,2017,,
strength,external_texture,1,2018,,
stretch,size,1,2019,,
striae,structure,0,2020,,
striate,surface_sculpture,1,2021,,
striate_foveolate,surface_sculpture,0,2022,,
striation,structure,1,2023,,
striato,surface_sculpture,0,2024,,
striatopunctate,surface_sculpture,0,2025,,
striatorugose,surface_sculpture,0,2026,,
stridulatory,structure,0,2027,,
strigil,structure,0,2028,,
strigose,surface_sculpture,1,2029,,
striking,reflectance,0,2030,,
striolate,surface_sculpture,0,2031,,
striolatepunctate,surface_sculpture,0,2032,,
strip,structure,1,2033,,
stripe,structure,1,2034,,
striped,shape,0,2035,,
strong,intensity_level,0,2036,,
strong,external_texture,1,2037,,
stronger,intensity_level,0,2038,,
structure,structure,0,2039,,
structured,architecture,0,2040,,
stubble,external_texture,0,2041,,
sub_por,shape,0,2042,,
subacute,shape,0,2043,,
subangular,shape,1,2044,,
subantennal,position,0,2045,,
subapical,position,0,2046,,
subappressed,shape,0,2047,,
subarmata,shape,0,2048,,
subcampaniform,shape,0,2049,,
subcarinated,shape,0,2050,,
subcircular,shape,0,2051,,
subclavata,shape,1,2052,,
subclavato,position,0,2053,,
subconfluent,structure,0,2054,,
subconical,shape,0,2055,,
subcontiguous,arrangement,0,2056,,
subcontinuous,arrangement,0,2057,,
subcordate,shape,0,2058,,
subcorneal,shape,0,2059,,
subcornical,shape,0,2060,,
subcuboidal,shape,0,2061,,
subcylindical,shape,0,2062,,
subcylindrical,shape,0,2063,,
subdecumbent,surface_sculpture,0,2064,,
subdecument,surface_sculpture,0,2065,,
subdentate,shape,1,2066,,
subdivided,arrangement,0,2067,,
subelliptical,shape,0,2068,,
subelongate,shape,0,2069,,
subemarginate,position,0,2070,,
subequal,variability,0,2071,,
suberect,orientation,0,2072,,
subfalcate,surface_sculpture,0,2073,,
subfiliform,shape,0,2074,,
subgeneric,shape,0,2075,,
subgenital,shape,0,2076,,
subglobose,shape,1,2077,,
subhexagonal,position,0,2078,,
subhyaline,coloration,0,2079,,
subiateral,shape,0,2080,,
sublateral,position,0,2081,,
sublinear,shape,0,2082,,
sublucid,surface_sculpture,0,2083,,
submarginal,position,0,2084,,
submarginate,shape,1,2085,,
submargins,structure,0,2086,,
submedian,position,0,2087,,
submoniliform,shape,0,2088,,
suboblong,shape,0,2089,,
suboctagonal,shape,0,2090,,
subocular,shape,0,2091,,
subopake,shape,0,2092,,
subopaque,surface_sculpture,0,2093,,
suborbicular,shape,1,2094,,
suboval,shape,1,2095,,
subparallel,shape,0,2096,,
subpedunculate,shape,0,2097,,
subpentagonal,shape,0,2098,,
subpetiolar,position,0,2099,,
subpolished,reflectance,0,2100,,
subpostpetiolar,position,0,2101,,
subprismatic,shape,0,2102,,
subquadrate,shape,1,2103,,
subrectangular,shape,0,2104,,
subrecumbent,shape,0,2105,,
subrugose,surface_sculpture,0,2106,,
subsemicircular,shape,0,2107,,
subsequent,arrangement,0,2108,,
subsericeous,surface_sculpture,0,2109,,
subsessile,shape,0,2110,,
subsiding,position,0,2111,,
subspinose,shape,0,2112,,
substantial,prominence,0,2113,,
substriate,surface_sculpture,0,2114,,
subsulcate,shape,0,2115,,
subtended,shape,0,2116,,
subterminal,position,0,2117,,
subterranean,structure,0,2118,,
subtrapezoid,shape,1,2119,,
subtriangular,shape,0,2120,,
subtruncate,shape,0,2121,,
subtuberculate,shape,0,2122,,
subvertical,position,0,2123,,
sufficient,intensity_level,0,2124,,
sugar,structure,0,2125,,
sulcate,architecture,0,2126,,
sulcus,structure,0,2127,,
summit,position,0,2128,,
sunk,manifestation,0,2129,,
sunken,prominence,0,2130,,
superficial,density,0,2131,,
superficial,insertion,0,2132,,
superficial,position,0,2133,,
superimposed,position,0,2134,,
superior,insertion,0,2135,,
superior,position,0,2136,,
supermajor,intensity_level,0,2137,,
suppressed,depth,1,2138,,
supra,position,0,2139,,
supra_abdominal,position,0,2140,,
supraocular,position,0,2141,,
surface,structure,0,2142,,
surface_sculpture,structure,0,2143,,
surface_sculpture_like,surface_sculpture,0,2144,,
surfaces,structure,0,2145,,
surpassed,direction,1,2146,,
surrounded,arrangement,0,2147,,
survive,presence,0,2148,,
suspect,structure,0,2149,,
suture,structure,1,2150,,
swarms,structure,0,2151,,
swollen,shape,0,2152,,
symmetric,shape,1,2153,,
sympatric,structure,0,2154,,
symphysis,structure,0,2155,,
syntergite,structure,0,2156,,
system,structure,0,2157,,
systematics,structure,0,2158,,
tabulated,presence,0,2159,,
tail,structure,0,2160,,
tall,height,1,2161,,
tangled,shape,0,2162,,
taper,shape,1,2163,,
tarsal,position,0,2164,,
tarsus,structure,1,2165,,
tawny,coloration,0,2166,,
tawny_orange,coloration,0,2167,,
tawny_yellow,coloration,0,2168,,
teardrop_shaped,shape,0,2169,,
tegula,structure,0,2170,,
temperate,intensity_level,0,2171,,
temple,structure,1,2172,,
temporary,age,0,2173,,
ten,count,0,2174,,
tending,direction,0,2175,,
teneral,life_style,0,2176,,
tenth,count,0,2177,,
tenth,position,0,2178,,
tentorial,shape,0,2179,,
terete,shape,0,2180,,
tergal,structure,0,2181,,
tergite,structure,1,2182,,
tergosternal,position,0,2183,,
tergum,structure,0,2184,,
termed,structure,0,2185,,
terminal,position,1,2186,,
territory,structure,0,2187,,
testaceous,shape,0,2188,,
testaceous_brown,coloration,0,2189,,
testaceousyellow,coloration,0,2190,,
tetra,structure,0,2191,,
texture,surface_sculpture,0,2192,,
thallate,structure,0,2193,,
them,substance,0,2194,,
thick,thickness,1,2195,,
thick_bodied,thickness,0,2196,,
thicksquamiform,shape,0,2197,,
thin,intensity_level,0,2198,,
thinner,prominence,0,2199,,
third,count,0,2200,,
thirteenth,position,0,2201,,
thoraceque,structure,0,2202,,
thoracic,position,0,2203,,
thorax,structure,0,2204,,
thorax_shaped,shape,0,2205,,
thorn,structure,0,2206,,
three,count,0,2207,,
three_jointed,count,0,2208,,
three_segmented,architecture,0,2209,,
threesegmented,count,0,2210,,
thrice,count,0,2211,,
through,direction,0,2212,,
thyridium,structure,1,2213,,
tianquanensis,structure,0,2214,,
tibia,structure,1,2215,,
tibial,position,0,2216,,
tibise,structure,0,2217,,
tigerstriped,coloration,0,2218,,
tilted,coloration,0,2219,,
timid,coloration,0,2220,,
tinge,coloration,1,2221,,
tinted,coloration,0,2222,,
tiny,size,0,2223,,
tip,structure,1,2224,,
tipped,shape,0,2225,,
tissue,structure,0,2226,,
tolerable,manifestation,0,2227,,
tomentum,structure,0,2228,,
tongue,structure,0,2229,,
tooth,structure,1,2230,,
toothed,shape,0,2231,,
toothed,architecture,0,2232,,
toothless,architecture,0,2233,,
toothlike,shape,0,2234,,
top,position,1,2235,,
torulus,structure,0,2236,,
torus,structure,0,2237,,
towards,direction,0,2238,,
towering,position,0,2239,,
trace,structure,1,2240,,
track,structure,0,2241,,
tract,structure,0,2242,,
transcutal,position,0,2243,,
translucent,coloration,0,2244,,
transocular,structure,0,2245,,
transparent,coloration,0,2246,,
transscutal,direction,0,2247,,
transversal,orientation,1,2248,,
transverse,dehiscence,0,2249,,
transverso_medial,orientation,0,2250,,
tranverse,orientation,0,2251,,
trapezoid,shape,1,2252,,
traversed,orientation,0,2253,,
trench,structure,0,2254,,
trenchant,shape,0,2255,,
triangle,shape,1,2256,,
triangle,structure,0,2257,,
tribe,group,0,2258,,
tricolorous,coloration,1,2259,,
tricuspidate,shape,0,2260,,
tridentate,shape,0,2261,,
trifle,structure,0,2262,,
trilobous,shape,0,2263,,
trimorphic,variability,0,2264,,
trochanter,structure,0,2265,,
truncal,shape,0,2266,,
truncate,shape,1,2267,,
truncation,structure,0,2268,,
trunk,structure,0,2269,,
tubercle,structure,1,2270,,
tubercled,shape,0,2271,,
tubercular,shape,1,2272,,
tuberculate,relief,0,2273,,
tubular,shape,0,2274,,
tucuman,distribution,0,2275,,
tufted,surface_sculpture,0,2276,,
tufted,habit,0,2277,,
tumosity,shape,0,2278,,
tumular,shape,1,2279,,
turreted,architecture,0,2280,,
twelfth,count,0,2281,,
twelve,count,0,2282,,
twelve_jointed,fusion,0,2283,,
twentieth,position,0,2284,,
twice,ratio,0,2285,,
two,count,0,2286,,
two_faced,architecture,0,2287,,
two_layered,architecture,0,2288,,
two_thirds,ratio,0,2289,,
twosegmented,count,0,2290,,
tyloids,structure,0,2291,,
tympanic,position,0,2292,,
typical,normality,0,2293,,
u_shape,shape,1,2294,,
ultimate,position,0,2295,,
umbilicate,shape,0,2296,,
unarmed,architecture,0,2297,,
unbranched,architecture,1,2298,,
unbroken,presence,0,2299,,
uncinate,shape,0,2300,,
unclear,presence,0,2301,,
uncommon,normality,0,2302,,
unconnected,architecture,0,2303,,
unconstricted,architecture,0,2304,,
under,position,0,2305,,
undercurved,position,0,2306,,
underlain,position,0,2307,,
underlying,prominence,0,2308,,
underneath,position,0,2309,,
undescribed,presence,0,2310,,
undetermined,presence,0,2311,,
undeveloped,development,0,2312,,
undifferentiated,differentiation,0,2313,,
unequal,comparison,0,2314,,
uneven,comparison,0,2315,,
unguis,structure,0,2316,,
unicolor,coloration,1,2317,,
uniform,variability,0,2318,,
uninterrupted,architecture,0,2319,,
unique,variability,0,2320,,
unite,fusion,1,2321,,
unknown,absence,0,2322,,
unlike,comparison,0,2323,,
unmarked,presence,0,2324,,
unmodified,presence,0,2325,,
unobstructed,presence,0,2326,,
unpigmented,coloration,0,2327,,
unremarkable,prominence,0,2328,,
unrepresentative,presence,0,2329,,
unsculptured,surface_sculpture,0,2330,,
unsegmented,architecture,0,2331,,
unusual,normality,0,2332,,
upcurved,shape,0,2333,,
upper,position,1,2334,,
upright,direction,0,2335,,
upturned,direction,0,2336,,
upward,direction,1,2337,,
v_shaped,shape,0,2338,,
variability,character,1,2339,,
variable,density,0,2340,,
variegated,coloration,0,2341,,
various,count,0,2342,,
vast,size,0,2343,,
vaulted,architecture,0,2344,,
vein,structure,1,2345,,
veined,architecture,0,2346,,
venation,character,0,2347,,
vent,structure,0,2348,,
vent_caudal,position,0,2349,,
ventral,position,1,2350,,
ventrite,structure,0,2351,,
ventro_cephalad,direction,0,2352,,
ventrolateral,position,0,2353,,
verge,structure,0,2354,,
vermiculata,structure,0,2355,,
vermiculate,shape,0,2356,,
vertex,structure,0,2357,,
vertexal,position,0,2358,,
vertical,direction,0,2359,,
very,intensity_level,0,2360,,
vestibule,structure,0,2361,,
vestigial,manifestation,0,2362,,
vicinity,position,0,2363,,
violaceous,coloration,0,2364,,
violet,coloration,0,2365,,
virtual,shape,0,2366,,
virtue,shape,0,2367,,
visible,presence,0,2368,,
visible,manifestation,0,2369,,
vivid,intensity_level,0,2370,,
volsellar,shape,0,2371,,
voluminous,intensity_level,0,2372,,
vomer,structure,0,2373,,
waist,structure,0,2374,,
wall,structure,0,2375,,
walled,architecture,0,2376,,
wanting,presence,0,2377,,
warm,coloration,0,2378,,
warrior,life_style,0,2379,,
wavy,shape,0,2380,,
weak,intensity_level,1,2381,,
wedge,shape,1,2382,,
well,prominence,0,2383,,
well_behind,position,0,2384,,
well_defined,presence,0,2385,,
well_developed,development,0,2386,,
well_expressed,prominence,0,2387,,
well_formed,prominence,0,2388,,
well_impressed,prominence,0,2389,,
well_separated,arrangement,0,2390,,
welldefined,prominence,0,2391,,
welldeveloped,prominence,0,2392,,
wellmarked,prominence,0,2393,,
wellspaced,prominence,0,2394,,
weltlike,shape,0,2395,,
white,coloration,1,2396,,
whorled,arrangement,0,2397,,
whorls,structure,0,2398,,
wide,width,1,2399,,
wide_celled,architecture,0,2400,,
widelyspaced,width,0,2401,,
widespread,density,0,2402,,
wig,structure,0,2403,,
wing,structure,1,2404,,
wing_like,shape,0,2405,,
winged,architecture,0,2406,,
wingless,architecture,0,2407,,
without,absence,0,2408,,
without,presence,0,2409,,
wood,structure,0,2410,,
worker,life_style,1,2411,,
worker_female,life_style,1,2412,,
worn,development,0,2413,,
wraparound,arrangement,0,2414,,
wrinkled,surface_sculpture,0,2415,,
wrinkles,structure,0,2416,,
xiii,count,0,2417,,
y_shaped,shape,0,2418,,
yellow,coloration,1,2419,,
yellow_orange,coloration,1,2420,,
yellow_red,coloration,0,2421,,
yellow_white,coloration,0,2422,,
yellowish_brown,coloration,1,2423,,
yellowish_ferruginous,coloration,0,2424,,
yellowish_green,coloration,0,2425,,
yellowish_white,coloration,0,2426,,
yielding,presence,0,2427,,
young,age,0,2428,,
zone,structure,0,2429,,
FALSE,derivation,0,2430,,
TRUE,derivation,0,2431,,
